matricula,frequencia,media,reprovacoes,acessos_semanais,curso,sexo
DEMO0293,48.4,7.8,2,0,Tecnologia,Feminino
DEMO0335,94.6,9.9,4,7,Pedagogia,Feminino
DEMO0150,60.3,4.4,1,10,Pedagogia,Masculino
DEMO0001,54.7,9.0,4,10,Pedagogia,Masculino
DEMO0149,44.0,6.5,2,10,Administração,Masculino
DEMO0021,36.0,5.3,2,11,Administração,Feminino
DEMO0311,68.1,2.9,3,15,Tecnologia,Masculino
DEMO0106,87.1,4.5,1,21,Tecnologia,Feminino
DEMO0301,57.1,2.1,3,15,Administração,Masculino
DEMO0090,49.7,9.1,3,23,Administração,Masculino
DEMO0356,74.2,8.4,1,15,Pedagogia,Masculino
DEMO0296,53.9,9.0,3,13,Administração,Feminino
DEMO0321,65.2,4.1,2,25,Administração,Feminino
DEMO0276,68.4,9.5,1,10,Pedagogia,Feminino
DEMO0167,47.3,2.1,2,20,Pedagogia,Feminino
DEMO0069,85.0,3.8,3,20,Pedagogia,Masculino
DEMO0052,46.2,4.2,0,6,Pedagogia,Masculino
DEMO0352,73.6,9.8,4,14,Administração,Masculino
DEMO0081,74.4,4.8,1,14,Pedagogia,Feminino
DEMO0206,91.5,8.6,1,9,Pedagogia,Feminino
DEMO0343,41.3,9.6,4,5,Administração,Feminino
DEMO0313,59.8,4.5,2,18,Pedagogia,Feminino
DEMO0347,46.8,3.1,4,16,Pedagogia,Masculino
DEMO0308,50.4,8.0,0,12,Pedagogia,Masculino
DEMO0234,88.6,7.8,0,21,Tecnologia,Feminino
DEMO0050,62.3,6.0,3,21,Tecnologia,Feminino
DEMO0180,74.0,8.6,3,24,Pedagogia,Feminino
DEMO0092,54.6,9.1,2,17,Tecnologia,Masculino
DEMO0280,72.7,8.0,2,7,Tecnologia,Masculino
DEMO0295,85.8,2.6,0,16,Tecnologia,Masculino
