matricula,frequencia,media,reprovacoes,acessos_semanais,curso,sexo,situacao
DEMO0000,67.0,4.4,2,22,Administração,Feminino,Ativo
DEMO0001,54.7,9.0,4,10,Pedagogia,Masculino,Evadido
DEMO0002,52.5,2.4,3,9,Pedagogia,Masculino,Evadido
DEMO0003,99.0,4.4,4,29,Administração,Feminino,Evadido
DEMO0004,49.3,2.0,1,29,Tecnologia,Masculino,Evadido
DEMO0005,37.1,2.1,1,9,Administração,Masculino,Evadido
DEMO0006,90.6,6.5,1,4,Tecnologia,Feminino,Evadido
DEMO0007,46.1,10.0,1,5,Pedagogia,Masculino,Ativo
DEMO0008,89.8,5.2,1,29,Administração,Masculino,Ativo
DEMO0009,82.0,6.0,4,19,Administração,Masculino,Evadido
DEMO0010,40.1,7.7,3,13,Tecnologia,Feminino,Evadido
DEMO0011,41.7,8.2,0,16,Pedagogia,Feminino,Evadido
DEMO0012,64.4,5.7,0,26,Tecnologia,Feminino,Ativo
DEMO0013,83.3,7.6,1,20,Pedagogia,Masculino,Ativo
DEMO0014,42.5,5.9,3,5,Administração,Masculino,Evadido
DEMO0015,46.6,9.7,0,7,Pedagogia,Feminino,Ativo
DEMO0016,85.2,6.2,2,27,Administração,Masculino,Ativo
DEMO0017,56.1,7.8,3,18,Pedagogia,Feminino,Evadido
DEMO0018,87.4,5.3,1,25,Tecnologia,Masculino,Ativo
DEMO0019,42.5,5.3,2,15,Administração,Masculino,Ativo
DEMO0020,96.2,3.3,3,16,Administração,Masculino,Ativo
DEMO0021,36.0,5.3,2,11,Administração,Feminino,Evadido
DEMO0022,44.8,3.5,1,2,Pedagogia,Masculino,Evadido
DEMO0023,39.8,5.6,3,6,Pedagogia,Feminino,Evadido
DEMO0024,79.0,3.9,1,26,Tecnologia,Masculino,Ativo
DEMO0025,92.9,7.8,4,20,Administração,Masculino,Ativo
DEMO0026,40.3,6.0,0,3,Tecnologia,Masculino,Evadido
DEMO0027,60.8,4.6,4,8,Pedagogia,Feminino,Evadido
DEMO0028,91.7,6.4,3,21,Tecnologia,Masculino,Ativo
DEMO0029,38.9,6.3,4,23,Tecnologia,Feminino,Evadido
DEMO0030,57.4,6.7,2,26,Tecnologia,Feminino,Ativo
DEMO0031,60.8,2.3,3,11,Administração,Feminino,Evadido
DEMO0032,60.9,8.4,4,18,Pedagogia,Feminino,Evadido
DEMO0033,95.2,9.2,1,15,Administração,Masculino,Ativo
DEMO0034,88.6,2.6,3,23,Pedagogia,Feminino,Evadido
DEMO0035,99.4,7.0,2,13,Administração,Feminino,Evadido
DEMO0036,38.1,7.1,2,11,Administração,Feminino,Evadido
DEMO0037,63.5,3.8,2,17,Pedagogia,Feminino,Evadido
DEMO0038,81.7,6.2,4,23,Pedagogia,Masculino,Ativo
DEMO0039,79.7,3.7,4,24,Administração,Masculino,Evadido
DEMO0040,95.8,5.7,0,18,Pedagogia,Feminino,Ativo
DEMO0041,70.3,6.6,2,9,Pedagogia,Feminino,Ativo
DEMO0042,45.5,9.8,3,6,Tecnologia,Masculino,Ativo
DEMO0043,58.6,9.8,4,27,Administração,Masculino,Ativo
DEMO0044,45.9,7.2,1,12,Administração,Masculino,Evadido
DEMO0045,40.1,4.2,4,10,Administração,Masculino,Evadido
DEMO0046,97.2,2.5,3,24,Pedagogia,Masculino,Evadido
DEMO0047,67.8,8.0,2,25,Administração,Feminino,Ativo
DEMO0048,53.4,7.6,0,15,Tecnologia,Masculino,Ativo
DEMO0049,77.7,7.0,3,17,Tecnologia,Masculino,Ativo
DEMO0050,62.3,6.0,3,21,Tecnologia,Feminino,Evadido
DEMO0051,99.1,7.7,0,0,Tecnologia,Feminino,Ativo
DEMO0052,46.2,4.2,0,6,Pedagogia,Masculino,Evadido
DEMO0053,56.6,9.1,2,2,Pedagogia,Feminino,Evadido
DEMO0054,51.1,4.3,2,18,Tecnologia,Feminino,Ativo
DEMO0055,78.1,3.5,1,24,Administração,Masculino,Evadido
DEMO0056,42.8,6.5,2,18,Pedagogia,Masculino,Evadido
DEMO0057,87.8,4.2,3,23,Tecnologia,Masculino,Evadido
DEMO0058,74.2,7.2,1,9,Tecnologia,Masculino,Ativo
DEMO0059,63.7,6.2,2,12,Tecnologia,Feminino,Evadido
DEMO0060,64.2,2.5,4,5,Pedagogia,Masculino,Ativo
DEMO0061,37.4,2.8,4,26,Pedagogia,Masculino,Ativo
DEMO0062,69.1,3.4,4,16,Pedagogia,Masculino,Evadido
DEMO0063,61.0,6.6,4,16,Pedagogia,Feminino,Evadido
DEMO0064,92.8,9.5,1,19,Pedagogia,Feminino,Ativo
DEMO0065,65.5,7.3,2,14,Tecnologia,Masculino,Evadido
DEMO0066,49.1,9.5,0,15,Tecnologia,Masculino,Ativo
DEMO0067,96.0,9.5,1,16,Administração,Masculino,Ativo
DEMO0068,48.0,7.2,0,9,Tecnologia,Masculino,Evadido
DEMO0069,85.0,3.8,3,20,Pedagogia,Masculino,Ativo
DEMO0070,74.1,2.9,0,25,Pedagogia,Masculino,Evadido
DEMO0071,90.0,9.6,3,10,Tecnologia,Masculino,Ativo
DEMO0072,76.5,9.6,2,1,Pedagogia,Feminino,Ativo
DEMO0073,91.6,6.0,4,18,Tecnologia,Feminino,Ativo
DEMO0074,60.6,6.4,2,16,Tecnologia,Masculino,Evadido
DEMO0075,61.1,6.7,4,12,Administração,Feminino,Ativo
DEMO0076,72.5,6.4,1,19,Administração,Masculino,Evadido
DEMO0077,95.9,4.3,4,29,Tecnologia,Masculino,Ativo
DEMO0078,37.1,2.4,4,2,Pedagogia,Feminino,Evadido
DEMO0079,72.8,8.6,0,18,Tecnologia,Masculino,Ativo
DEMO0080,99.3,5.4,4,4,Tecnologia,Feminino,Ativo
DEMO0081,74.4,4.8,1,14,Pedagogia,Feminino,Evadido
DEMO0082,90.0,9.0,3,5,Pedagogia,Masculino,Ativo
DEMO0083,49.4,6.2,0,18,Pedagogia,Feminino,Ativo
DEMO0084,78.7,5.3,3,16,Administração,Masculino,Ativo
DEMO0085,96.6,4.0,3,4,Administração,Masculino,Ativo
DEMO0086,67.4,2.0,4,10,Pedagogia,Feminino,Evadido
DEMO0087,90.2,8.8,0,29,Tecnologia,Feminino,Ativo
DEMO0088,73.4,6.8,0,0,Tecnologia,Masculino,Ativo
DEMO0089,44.5,7.4,4,5,Administração,Masculino,Evadido
DEMO0090,49.7,9.1,3,23,Administração,Masculino,Ativo
DEMO0091,57.2,9.3,1,12,Tecnologia,Feminino,Ativo
DEMO0092,54.6,9.1,2,17,Tecnologia,Masculino,Evadido
DEMO0093,50.7,6.4,0,13,Tecnologia,Masculino,Evadido
DEMO0094,68.5,5.4,2,10,Administração,Feminino,Evadido
DEMO0095,36.0,6.8,2,17,Administração,Feminino,Evadido
DEMO0096,98.3,9.0,4,8,Pedagogia,Feminino,Evadido
DEMO0097,95.4,3.9,3,9,Tecnologia,Feminino,Evadido
DEMO0098,96.2,6.6,0,3,Pedagogia,Masculino,Ativo
DEMO0099,86.9,2.6,0,7,Administração,Feminino,Ativo
DEMO0100,55.3,5.9,2,22,Administração,Feminino,Ativo
DEMO0101,52.3,5.1,4,23,Tecnologia,Feminino,Evadido
DEMO0102,52.2,5.3,4,1,Administração,Masculino,Evadido
DEMO0103,52.1,7.7,2,3,Tecnologia,Masculino,Ativo
DEMO0104,35.2,4.3,0,22,Pedagogia,Masculino,Evadido
DEMO0105,89.7,7.4,4,22,Tecnologia,Feminino,Ativo
DEMO0106,87.1,4.5,1,21,Tecnologia,Feminino,Evadido
DEMO0107,56.3,9.2,1,1,Administração,Feminino,Ativo
DEMO0108,43.1,7.7,1,5,Administração,Feminino,Evadido
DEMO0109,52.7,2.0,0,17,Administração,Feminino,Evadido
DEMO0110,91.0,6.0,2,7,Administração,Masculino,Evadido
DEMO0111,68.5,6.3,0,12,Pedagogia,Feminino,Ativo
DEMO0112,44.5,2.7,1,22,Tecnologia,Masculino,Evadido
DEMO0113,86.6,7.6,3,24,Administração,Feminino,Ativo
DEMO0114,93.5,3.6,4,28,Pedagogia,Feminino,Evadido
DEMO0115,49.2,7.7,0,9,Administração,Masculino,Evadido
DEMO0116,45.7,2.9,3,25,Tecnologia,Masculino,Evadido
DEMO0117,44.5,8.6,2,18,Administração,Masculino,Evadido
DEMO0118,57.0,8.6,1,0,Tecnologia,Feminino,Evadido
DEMO0119,59.3,3.2,4,10,Pedagogia,Feminino,Evadido
DEMO0120,51.1,6.6,0,13,Tecnologia,Masculino,Evadido
DEMO0121,54.0,2.2,4,7,Administração,Feminino,Evadido
DEMO0122,51.2,9.3,2,20,Tecnologia,Feminino,Ativo
DEMO0123,59.0,4.8,2,5,Tecnologia,Feminino,Evadido
DEMO0124,40.4,7.3,1,13,Pedagogia,Masculino,Ativo
DEMO0125,49.2,2.6,3,17,Tecnologia,Feminino,Evadido
DEMO0126,84.6,4.8,0,4,Tecnologia,Feminino,Evadido
DEMO0127,45.0,7.0,2,18,Pedagogia,Masculino,Evadido
DEMO0128,77.7,9.1,0,5,Administração,Feminino,Ativo
DEMO0129,42.7,7.8,1,6,Pedagogia,Masculino,Evadido
DEMO0130,97.5,6.5,2,18,Administração,Feminino,Ativo
DEMO0131,63.3,9.7,1,25,Administração,Feminino,Ativo
DEMO0132,69.1,2.4,2,4,Administração,Feminino,Evadido
DEMO0133,97.1,4.3,0,15,Pedagogia,Masculino,Ativo
DEMO0134,60.4,9.5,1,6,Pedagogia,Masculino,Ativo
DEMO0135,37.9,7.2,4,24,Administração,Masculino,Evadido
DEMO0136,54.9,9.0,1,3,Pedagogia,Feminino,Ativo
DEMO0137,77.7,9.5,1,18,Pedagogia,Masculino,Ativo
DEMO0138,83.8,2.1,2,27,Administração,Feminino,Evadido
DEMO0139,88.7,2.8,1,6,Administração,Masculino,Ativo
DEMO0140,59.1,4.5,3,10,Tecnologia,Feminino,Evadido
DEMO0141,96.2,2.4,4,17,Tecnologia,Masculino,Evadido
DEMO0142,99.9,3.5,0,11,Pedagogia,Feminino,Ativo
DEMO0143,87.7,2.0,4,23,Pedagogia,Feminino,Ativo
DEMO0144,80.0,4.1,2,16,Administração,Masculino,Ativo
DEMO0145,70.4,5.1,0,25,Administração,Masculino,Ativo
DEMO0146,99.4,7.9,0,20,Pedagogia,Feminino,Ativo
DEMO0147,82.4,8.5,0,2,Pedagogia,Feminino,Ativo
DEMO0148,49.2,10.0,1,29,Pedagogia,Feminino,Ativo
DEMO0149,44.0,6.5,2,10,Administração,Masculino,Evadido
DEMO0150,60.3,4.4,1,10,Pedagogia,Masculino,Evadido
DEMO0151,52.0,3.2,2,11,Tecnologia,Feminino,Evadido
DEMO0152,78.9,7.5,1,18,Pedagogia,Masculino,Ativo
DEMO0153,93.8,9.8,2,29,Pedagogia,Feminino,Ativo
DEMO0154,92.1,5.4,2,14,Pedagogia,Masculino,Evadido
DEMO0155,71.8,6.0,2,1,Tecnologia,Masculino,Evadido
DEMO0156,78.7,4.5,2,21,Tecnologia,Feminino,Evadido
DEMO0157,84.0,8.5,1,3,Pedagogia,Feminino,Ativo
DEMO0158,89.4,2.2,0,21,Administração,Masculino,Evadido
DEMO0159,95.9,6.5,1,22,Administração,Masculino,Ativo
DEMO0160,77.0,8.0,2,6,Pedagogia,Feminino,Ativo
DEMO0161,90.7,8.0,0,17,Tecnologia,Feminino,Ativo
DEMO0162,55.2,9.2,1,8,Administração,Feminino,Ativo
DEMO0163,66.5,9.9,2,6,Tecnologia,Feminino,Ativo
DEMO0164,95.0,7.9,2,11,Administração,Masculino,Ativo
DEMO0165,59.5,2.7,0,21,Administração,Feminino,Evadido
DEMO0166,41.9,6.2,4,26,Administração,Masculino,Evadido
DEMO0167,47.3,2.1,2,20,Pedagogia,Feminino,Evadido
DEMO0168,74.2,6.5,3,7,Pedagogia,Feminino,Evadido
DEMO0169,95.3,9.3,3,16,Administração,Masculino,Ativo
DEMO0170,48.7,5.1,2,11,Pedagogia,Masculino,Evadido
DEMO0171,98.8,8.0,4,15,Pedagogia,Feminino,Evadido
DEMO0172,92.6,9.3,0,10,Pedagogia,Feminino,Ativo
DEMO0173,78.9,2.1,1,1,Tecnologia,Masculino,Evadido
DEMO0174,49.5,6.1,2,23,Administração,Masculino,Evadido
DEMO0175,57.4,8.0,0,11,Pedagogia,Feminino,Evadido
DEMO0176,49.0,2.6,0,6,Pedagogia,Masculino,Evadido
DEMO0177,69.0,7.0,3,21,Administração,Feminino,Ativo
DEMO0178,87.7,6.3,1,17,Tecnologia,Masculino,Ativo
DEMO0179,75.0,9.9,3,10,Tecnologia,Feminino,Ativo
DEMO0180,74.0,8.6,3,24,Pedagogia,Feminino,Ativo
DEMO0181,51.2,5.1,2,7,Pedagogia,Masculino,Ativo
DEMO0182,66.1,4.6,0,10,Tecnologia,Masculino,Evadido
DEMO0183,89.6,8.5,2,18,Administração,Masculino,Ativo
DEMO0184,48.7,5.3,2,11,Pedagogia,Masculino,Evadido
DEMO0185,66.4,7.0,4,22,Tecnologia,Masculino,Ativo
DEMO0186,48.3,7.6,3,1,Tecnologia,Feminino,Evadido
DEMO0187,49.2,4.8,4,8,Tecnologia,Feminino,Evadido
DEMO0188,84.9,3.5,3,29,Administração,Feminino,Evadido
DEMO0189,81.5,6.3,0,2,Administração,Feminino,Ativo
DEMO0190,63.1,3.1,1,28,Tecnologia,Feminino,Evadido
DEMO0191,48.5,2.1,4,17,Tecnologia,Masculino,Evadido
DEMO0192,62.2,3.5,1,23,Tecnologia,Feminino,Evadido
DEMO0193,53.0,7.4,0,22,Tecnologia,Feminino,Ativo
DEMO0194,77.3,8.6,4,14,Pedagogia,Masculino,Ativo
DEMO0195,51.4,5.1,4,16,Pedagogia,Feminino,Evadido
DEMO0196,86.5,3.1,2,10,Tecnologia,Feminino,Evadido
DEMO0197,70.5,3.2,0,25,Administração,Feminino,Evadido
DEMO0198,73.5,8.9,2,22,Administração,Feminino,Evadido
DEMO0199,47.0,9.4,0,16,Pedagogia,Masculino,Evadido
DEMO0200,62.0,8.2,4,10,Administração,Masculino,Ativo
DEMO0201,98.4,7.5,2,15,Tecnologia,Feminino,Ativo
DEMO0202,57.3,4.7,4,25,Tecnologia,Masculino,Evadido
DEMO0203,84.5,3.0,3,27,Pedagogia,Feminino,Evadido
DEMO0204,39.0,5.1,1,3,Tecnologia,Feminino,Evadido
DEMO0205,83.7,9.2,1,14,Tecnologia,Masculino,Ativo
DEMO0206,91.5,8.6,1,9,Pedagogia,Feminino,Ativo
DEMO0207,85.5,8.4,0,23,Administração,Masculino,Ativo
DEMO0208,47.6,5.0,0,27,Tecnologia,Masculino,Evadido
DEMO0209,90.7,3.8,0,13,Pedagogia,Feminino,Ativo
DEMO0210,45.9,4.1,0,19,Pedagogia,Feminino,Evadido
DEMO0211,53.1,2.0,0,2,Pedagogia,Masculino,Evadido
DEMO0212,75.3,9.6,2,29,Administração,Feminino,Ativo
DEMO0213,40.4,7.9,4,5,Tecnologia,Masculino,Ativo
DEMO0214,56.9,6.1,2,21,Tecnologia,Masculino,Ativo
DEMO0215,83.6,7.4,3,7,Tecnologia,Feminino,Ativo
DEMO0216,47.0,7.0,4,5,Pedagogia,Masculino,Evadido
DEMO0217,59.6,4.7,1,20,Pedagogia,Feminino,Evadido
DEMO0218,49.6,5.2,2,12,Pedagogia,Feminino,Evadido
DEMO0219,35.8,2.1,4,18,Administração,Feminino,Evadido
DEMO0220,50.0,9.4,4,28,Pedagogia,Masculino,Ativo
DEMO0221,63.1,3.9,2,1,Administração,Masculino,Evadido
DEMO0222,72.1,2.4,2,23,Pedagogia,Feminino,Evadido
DEMO0223,43.8,8.1,2,2,Pedagogia,Masculino,Evadido
DEMO0224,89.9,9.9,4,14,Tecnologia,Masculino,Ativo
DEMO0225,35.6,7.9,3,29,Pedagogia,Masculino,Evadido
DEMO0226,67.8,9.4,2,6,Tecnologia,Masculino,Ativo
DEMO0227,42.0,3.4,3,24,Pedagogia,Masculino,Evadido
DEMO0228,82.8,3.3,3,27,Administração,Feminino,Evadido
DEMO0229,50.1,7.2,3,7,Pedagogia,Masculino,Evadido
DEMO0230,66.5,6.7,2,10,Tecnologia,Feminino,Ativo
DEMO0231,92.6,3.1,1,20,Tecnologia,Feminino,Ativo
DEMO0232,94.2,7.4,1,0,Pedagogia,Feminino,Ativo
DEMO0233,79.8,2.1,1,28,Tecnologia,Masculino,Ativo
DEMO0234,88.6,7.8,0,21,Tecnologia,Feminino,Ativo
DEMO0235,75.5,7.0,1,23,Tecnologia,Masculino,Ativo
DEMO0236,61.5,8.7,4,8,Administração,Feminino,Ativo
DEMO0237,59.7,2.8,3,19,Administração,Feminino,Evadido
DEMO0238,53.0,2.8,2,14,Administração,Masculino,Evadido
DEMO0239,76.4,9.7,1,6,Pedagogia,Masculino,Evadido
DEMO0240,40.5,7.2,0,5,Pedagogia,Feminino,Evadido
DEMO0241,86.1,5.5,4,5,Administração,Feminino,Evadido
DEMO0242,74.0,2.7,4,7,Tecnologia,Feminino,Evadido
DEMO0243,85.9,4.8,0,26,Administração,Masculino,Ativo
DEMO0244,83.9,7.2,4,14,Pedagogia,Masculino,Ativo
DEMO0245,80.9,7.1,1,20,Pedagogia,Feminino,Ativo
DEMO0246,56.7,8.7,2,6,Tecnologia,Masculino,Ativo
DEMO0247,63.0,4.9,3,24,Tecnologia,Feminino,Ativo
DEMO0248,57.7,2.0,4,0,Administração,Masculino,Evadido
DEMO0249,60.4,9.2,0,29,Tecnologia,Feminino,Ativo
DEMO0250,79.9,9.2,0,20,Administração,Feminino,Ativo
DEMO0251,59.6,9.6,0,6,Administração,Feminino,Ativo
DEMO0252,71.9,6.8,1,13,Pedagogia,Masculino,Ativo
DEMO0253,65.2,9.6,3,9,Pedagogia,Masculino,Ativo
DEMO0254,51.4,6.7,4,17,Tecnologia,Feminino,Evadido
DEMO0255,51.3,5.5,1,21,Tecnologia,Feminino,Evadido
DEMO0256,56.4,7.4,4,20,Tecnologia,Feminino,Evadido
DEMO0257,85.9,2.9,3,9,Administração,Feminino,Evadido
DEMO0258,91.2,9.7,2,8,Tecnologia,Feminino,Ativo
DEMO0259,36.8,3.0,3,6,Tecnologia,Masculino,Evadido
DEMO0260,44.5,4.2,4,11,Tecnologia,Feminino,Evadido
DEMO0261,91.7,8.2,3,3,Pedagogia,Feminino,Ativo
DEMO0262,96.3,8.4,1,14,Administração,Feminino,Ativo
DEMO0263,54.1,5.4,4,11,Tecnologia,Masculino,Evadido
DEMO0264,70.4,3.9,0,14,Pedagogia,Masculino,Evadido
DEMO0265,88.4,6.1,1,0,Pedagogia,Feminino,Ativo
DEMO0266,38.2,9.2,3,15,Pedagogia,Feminino,Evadido
DEMO0267,81.1,5.2,2,7,Pedagogia,Masculino,Evadido
DEMO0268,39.5,7.4,2,27,Administração,Masculino,Evadido
DEMO0269,78.9,3.8,1,23,Administração,Feminino,Ativo
DEMO0270,82.9,2.2,3,27,Administração,Feminino,Ativo
DEMO0271,62.8,4.5,3,22,Administração,Feminino,Ativo
DEMO0272,89.7,9.6,4,17,Administração,Masculino,Ativo
DEMO0273,86.7,7.2,2,0,Tecnologia,Masculino,Ativo
DEMO0274,43.9,4.7,4,20,Tecnologia,Feminino,Ativo
DEMO0275,55.8,9.1,0,4,Tecnologia,Masculino,Ativo
DEMO0276,68.4,9.5,1,10,Pedagogia,Feminino,Ativo
DEMO0277,98.6,8.3,4,3,Tecnologia,Masculino,Ativo
DEMO0278,99.4,2.9,3,21,Administração,Feminino,Ativo
DEMO0279,52.0,5.1,4,24,Tecnologia,Feminino,Evadido
DEMO0280,72.7,8.0,2,7,Tecnologia,Masculino,Ativo
DEMO0281,55.8,6.6,2,22,Pedagogia,Feminino,Ativo
DEMO0282,39.7,9.1,4,0,Administração,Feminino,Evadido
DEMO0283,50.4,7.0,2,27,Tecnologia,Feminino,Evadido
DEMO0284,58.2,3.2,1,19,Tecnologia,Masculino,Evadido
DEMO0285,89.9,8.9,3,25,Tecnologia,Masculino,Ativo
DEMO0286,55.7,8.1,4,8,Pedagogia,Masculino,Evadido
DEMO0287,39.9,7.5,1,11,Tecnologia,Masculino,Ativo
DEMO0288,82.2,2.4,1,10,Tecnologia,Feminino,Ativo
DEMO0289,94.1,7.0,2,9,Administração,Masculino,Evadido
DEMO0290,81.5,6.0,0,10,Pedagogia,Feminino,Ativo
DEMO0291,56.1,2.2,4,21,Administração,Masculino,Evadido
DEMO0292,51.3,2.0,0,8,Administração,Feminino,Evadido
DEMO0293,48.4,7.8,2,0,Tecnologia,Feminino,Evadido
DEMO0294,50.7,4.5,0,7,Administração,Feminino,Evadido
DEMO0295,85.8,2.6,0,16,Tecnologia,Masculino,Evadido
DEMO0296,53.9,9.0,3,13,Administração,Feminino,Ativo
DEMO0297,58.6,2.2,0,1,Tecnologia,Feminino,Evadido
DEMO0298,87.8,4.2,3,28,Administração,Masculino,Evadido
DEMO0299,44.3,2.6,3,29,Pedagogia,Masculino,Evadido
DEMO0300,83.0,5.0,0,21,Pedagogia,Masculino,Ativo
DEMO0301,57.1,2.1,3,15,Administração,Masculino,Evadido
DEMO0302,46.1,5.4,1,3,Pedagogia,Masculino,Evadido
DEMO0303,51.9,2.1,0,27,Pedagogia,Feminino,Evadido
DEMO0304,94.4,5.1,2,18,Administração,Masculino,Ativo
DEMO0305,38.0,7.2,4,7,Administração,Masculino,Evadido
DEMO0306,44.5,8.6,1,14,Pedagogia,Masculino,Evadido
DEMO0307,65.6,5.4,4,2,Pedagogia,Feminino,Evadido
DEMO0308,50.4,8.0,0,12,Pedagogia,Masculino,Ativo
DEMO0309,74.2,5.6,2,12,Administração,Feminino,Evadido
DEMO0310,47.2,6.4,0,23,Tecnologia,Feminino,Evadido
DEMO0311,68.1,2.9,3,15,Tecnologia,Masculino,Evadido
DEMO0312,35.4,7.4,2,7,Administração,Masculino,Evadido
DEMO0313,59.8,4.5,2,18,Pedagogia,Feminino,Ativo
DEMO0314,54.4,6.7,4,5,Pedagogia,Masculino,Evadido
DEMO0315,56.9,4.4,2,27,Administração,Feminino,Evadido
DEMO0316,54.5,6.7,3,18,Pedagogia,Masculino,Ativo
DEMO0317,35.1,3.1,2,4,Pedagogia,Masculino,Evadido
DEMO0318,98.0,7.9,3,19,Administração,Masculino,Ativo
DEMO0319,77.8,8.3,3,17,Administração,Feminino,Ativo
DEMO0320,99.3,8.1,1,25,Tecnologia,Masculino,Ativo
DEMO0321,65.2,4.1,2,25,Administração,Feminino,Evadido
DEMO0322,52.7,9.4,2,24,Administração,Masculino,Ativo
DEMO0323,48.6,8.6,3,29,Administração,Feminino,Ativo
DEMO0324,73.0,5.5,0,10,Pedagogia,Masculino,Ativo
DEMO0325,39.5,2.3,0,6,Pedagogia,Masculino,Evadido
DEMO0326,49.2,6.5,0,2,Administração,Masculino,Evadido
DEMO0327,96.0,4.0,2,28,Administração,Feminino,Evadido
DEMO0328,47.0,3.4,0,1,Administração,Feminino,Evadido
DEMO0329,41.7,2.3,0,13,Tecnologia,Masculino,Evadido
DEMO0330,53.5,2.2,1,7,Tecnologia,Masculino,Evadido
DEMO0331,85.3,3.7,0,3,Pedagogia,Feminino,Evadido
DEMO0332,71.6,4.2,4,5,Administração,Feminino,Evadido
DEMO0333,55.5,9.3,2,3,Tecnologia,Feminino,Ativo
DEMO0334,63.1,5.8,2,9,Pedagogia,Feminino,Evadido
DEMO0335,94.6,9.9,4,7,Pedagogia,Feminino,Ativo
DEMO0336,54.6,2.1,1,7,Pedagogia,Feminino,Evadido
DEMO0337,50.5,4.5,4,6,Tecnologia,Masculino,Evadido
DEMO0338,63.6,4.1,2,19,Pedagogia,Masculino,Evadido
DEMO0339,64.7,6.9,2,23,Administração,Feminino,Evadido
DEMO0340,95.4,9.6,3,29,Administração,Masculino,Ativo
DEMO0341,89.1,9.9,4,14,Administração,Feminino,Ativo
DEMO0342,75.1,4.5,1,8,Administração,Masculino,Evadido
DEMO0343,41.3,9.6,4,5,Administração,Feminino,Evadido
DEMO0344,62.1,3.6,1,3,Pedagogia,Masculino,Evadido
DEMO0345,42.4,5.4,3,15,Pedagogia,Masculino,Evadido
DEMO0346,57.0,9.9,4,1,Tecnologia,Masculino,Ativo
DEMO0347,46.8,3.1,4,16,Pedagogia,Masculino,Evadido
DEMO0348,36.5,3.0,4,28,Administração,Feminino,Ativo
DEMO0349,74.3,4.4,4,22,Pedagogia,Masculino,Evadido
DEMO0350,53.4,10.0,0,13,Administração,Masculino,Ativo
DEMO0351,57.9,8.5,3,19,Tecnologia,Masculino,Ativo
DEMO0352,73.6,9.8,4,14,Administração,Masculino,Ativo
DEMO0353,61.1,4.5,2,13,Pedagogia,Masculino,Evadido
DEMO0354,50.5,8.1,4,19,Administração,Feminino,Evadido
DEMO0355,86.6,7.5,2,23,Administração,Feminino,Ativo
DEMO0356,74.2,8.4,1,15,Pedagogia,Masculino,Ativo
DEMO0357,37.5,4.8,3,0,Administração,Feminino,Evadido
DEMO0358,92.9,6.0,0,15,Administração,Feminino,Evadido
DEMO0359,37.1,2.6,0,24,Pedagogia,Feminino,Evadido
